,id,url,search
0,1068554,https://images.pexels.com/photos/1068554/pexels-photo-1068554.jpeg?auto=compress&cs=tinysrgb&h=350,Bear
1,1083502,https://images.pexels.com/photos/1083502/pexels-photo-1083502.jpeg?auto=compress&cs=tinysrgb&h=350,Bear
2,1209252,https://images.pexels.com/photos/1209252/pexels-photo-1209252.jpeg?auto=compress&cs=tinysrgb&h=350,Bear
3,12406964,https://images.pexels.com/photos/12406964/pexels-photo-12406964.jpeg?auto=compress&cs=tinysrgb&h=350,Bear
4,12959892,https://images.pexels.com/photos/12959892/pexels-photo-12959892.jpeg?auto=compress&cs=tinysrgb&h=350,Bear
5,1328414,https://images.pexels.com/photos/1328414/pexels-photo-1328414.jpeg?auto=compress&cs=tinysrgb&h=350,Bear
6,14425900,https://images.pexels.com/photos/14425900/pexels-photo-14425900.jpeg?auto=compress&cs=tinysrgb&h=350,Bear
7,14854851,https://images.pexels.com/photos/14854851/pexels-photo-14854851.jpeg?auto=compress&cs=tinysrgb&h=350,Bear
8,1499104,https://images.pexels.com/photos/1499104/pexels-photo-1499104.jpeg?auto=compress&cs=tinysrgb&h=350,Bear
9,16386579,https://images.pexels.com/photos/16386579/pexels-photo-16386579.jpeg?auto=compress&cs=tinysrgb&h=350,Bear
10,17531830,https://images.pexels.com/photos/17531830/pexels-photo-17531830.jpeg?auto=compress&cs=tinysrgb&h=350,Bear
11,207891,https://images.pexels.com/photos/207891/pexels-photo-207891.jpeg?auto=compress&cs=tinysrgb&h=350,Bear
12,247955,https://images.pexels.com/photos/247955/pexels-photo-247955.jpeg?auto=compress&cs=tinysrgb&h=350,Bear
13,264907,https://images.pexels.com/photos/264907/pexels-photo-264907.jpeg?auto=compress&cs=tinysrgb&h=350,Bear
14,3048718,https://images.pexels.com/photos/3048718/pexels-photo-3048718.jpeg?auto=compress&cs=tinysrgb&h=350,Bear
15,3048722,https://images.pexels.com/photos/3048722/pexels-photo-3048722.jpeg?auto=compress&cs=tinysrgb&h=350,Bear
16,3634926,https://images.pexels.com/photos/3634926/pexels-photo-3634926.jpeg?auto=compress&cs=tinysrgb&h=350,Bear
17,3634930,https://images.pexels.com/photos/3634930/pexels-photo-3634930.jpeg?auto=compress&cs=tinysrgb&h=350,Bear
18,451230,https://images.pexels.com/photos/451230/pexels-photo-451230.jpeg?auto=compress&cs=tinysrgb&h=350,Bear
19,539689,https://images.pexels.com/photos/539689/pexels-photo-539689.jpeg?auto=compress&cs=tinysrgb&h=350,Bear
20,1004517,https://images.pexels.com/photos/1004517/pexels-photo-1004517.jpeg?auto=compress&cs=tinysrgb&h=350,Bird
21,1059823,https://images.pexels.com/photos/1059823/pexels-photo-1059823.jpeg?auto=compress&cs=tinysrgb&h=350,Bird
22,1435849,https://images.pexels.com/photos/1435849/pexels-photo-1435849.jpeg?auto=compress&cs=tinysrgb&h=350,Bird
23,1721675,https://images.pexels.com/photos/1721675/pexels-photo-1721675.jpeg?auto=compress&cs=tinysrgb&h=350,Bird
24,207237,https://images.pexels.com/photos/207237/pexels-photo-207237.jpeg?auto=compress&cs=tinysrgb&h=350,Bird
25,2078772,https://images.pexels.com/photos/2078772/pexels-photo-2078772.jpeg?auto=compress&cs=tinysrgb&h=350,Bird
26,2122825,https://images.pexels.com/photos/2122825/pexels-photo-2122825.jpeg?auto=compress&cs=tinysrgb&h=350,Bird
27,2137850,https://images.pexels.com/photos/2137850/pexels-photo-2137850.jpeg?auto=compress&cs=tinysrgb&h=350,Bird
28,2152399,https://images.pexels.com/photos/2152399/pexels-photo-2152399.jpeg?auto=compress&cs=tinysrgb&h=350,Bird
29,2190209,https://images.pexels.com/photos/2190209/pexels-photo-2190209.jpeg?auto=compress&cs=tinysrgb&h=350,Bird
30,2214495,https://images.pexels.com/photos/2214495/pexels-photo-2214495.jpeg?auto=compress&cs=tinysrgb&h=350,Bird
31,2226006,https://images.pexels.com/photos/2226006/pexels-photo-2226006.jpeg?auto=compress&cs=tinysrgb&h=350,Bird
32,2317904,https://images.pexels.com/photos/2317904/pexels-photo-2317904.jpeg?auto=compress&cs=tinysrgb&h=350,Bird
33,2398418,https://images.pexels.com/photos/2398418/pexels-photo-2398418.jpeg?auto=compress&cs=tinysrgb&h=350,Bird
34,248241,https://images.pexels.com/photos/248241/pexels-photo-248241.jpeg?auto=compress&cs=tinysrgb&h=350,Bird
35,414181,https://images.pexels.com/photos/414181/pexels-photo-414181.jpeg?auto=compress&cs=tinysrgb&h=350,Bird
36,416179,https://images.pexels.com/photos/416179/pexels-photo-416179.jpeg?auto=compress&cs=tinysrgb&h=350,Bird
37,432991,https://images.pexels.com/photos/432991/pexels-photo-432991.jpeg?auto=compress&cs=tinysrgb&h=350,Bird
38,459449,https://images.pexels.com/photos/459449/pexels-photo-459449.jpeg?auto=compress&cs=tinysrgb&h=350,Bird
39,56733,https://images.pexels.com/photos/56733/pexels-photo-56733.jpeg?auto=compress&cs=tinysrgb&h=350,Bird
40,1056251,https://images.pexels.com/photos/1056251/pexels-photo-1056251.jpeg?auto=compress&cs=tinysrgb&h=350,Cat
41,1084425,https://images.pexels.com/photos/1084425/pexels-photo-1084425.jpeg?auto=compress&cs=tinysrgb&h=350,Cat
42,127028,https://images.pexels.com/photos/127028/pexels-photo-127028.jpeg?auto=compress&cs=tinysrgb&h=350,Cat
43,1276553,https://images.pexels.com/photos/1276553/pexels-photo-1276553.jpeg?auto=compress&cs=tinysrgb&h=350,Cat
44,1314550,https://images.pexels.com/photos/1314550/pexels-photo-1314550.jpeg?auto=compress&cs=tinysrgb&h=350,Cat
45,1359307,https://images.pexels.com/photos/1359307/pexels-photo-1359307.jpeg?auto=compress&cs=tinysrgb&h=350,Cat
46,1485968,https://images.pexels.com/photos/1485968/pexels-photo-1485968.jpeg?auto=compress&cs=tinysrgb&h=350,Cat
47,1510543,https://images.pexels.com/photos/1510543/pexels-photo-1510543.jpeg?auto=compress&cs=tinysrgb&h=350,Cat
48,1543793,https://images.pexels.com/photos/1543793/pexels-photo-1543793.jpeg?auto=compress&cs=tinysrgb&h=350,Cat
49,1576193,https://images.pexels.com/photos/1576193/pexels-photo-1576193.jpeg?auto=compress&cs=tinysrgb&h=350,Cat
50,1643457,https://images.pexels.com/photos/1643457/pexels-photo-1643457.jpeg?auto=compress&cs=tinysrgb&h=350,Cat
51,1741205,https://images.pexels.com/photos/1741205/pexels-photo-1741205.jpeg?auto=compress&cs=tinysrgb&h=350,Cat
52,1828875,https://images.pexels.com/photos/1828875/pexels-photo-1828875.jpeg?auto=compress&cs=tinysrgb&h=350,Cat
53,2061057,https://images.pexels.com/photos/2061057/pexels-photo-2061057.jpeg?auto=compress&cs=tinysrgb&h=350,Cat
54,208984,https://images.pexels.com/photos/208984/pexels-photo-208984.jpeg?auto=compress&cs=tinysrgb&h=350,Cat
55,2194261,https://images.pexels.com/photos/2194261/pexels-photo-2194261.jpeg?auto=compress&cs=tinysrgb&h=350,Cat
56,236606,https://images.pexels.com/photos/236606/pexels-photo-236606.jpeg?auto=compress&cs=tinysrgb&h=350,Cat
57,257532,https://images.pexels.com/photos/257532/pexels-photo-257532.jpeg?auto=compress&cs=tinysrgb&h=350,Cat
58,669015,https://images.pexels.com/photos/669015/pexels-photo-669015.jpeg?auto=compress&cs=tinysrgb&h=350,Cat
59,68594,https://images.pexels.com/photos/68594/pexels-photo-68594.jpeg?auto=compress&cs=tinysrgb&h=350,Cat
60,1118966,https://images.pexels.com/photos/1118966/pexels-photo-1118966.jpeg?auto=compress&cs=tinysrgb&h=350,Cow
61,1175048,https://images.pexels.com/photos/1175048/pexels-photo-1175048.jpeg?auto=compress&cs=tinysrgb&h=350,Cow
62,1276235,https://images.pexels.com/photos/1276235/pexels-photo-1276235.jpeg?auto=compress&cs=tinysrgb&h=350,Cow
63,1449656,https://images.pexels.com/photos/1449656/pexels-photo-1449656.jpeg?auto=compress&cs=tinysrgb&h=350,Cow
64,1838562,https://images.pexels.com/photos/1838562/pexels-photo-1838562.jpeg?auto=compress&cs=tinysrgb&h=350,Cow
65,1838564,https://images.pexels.com/photos/1838564/pexels-photo-1838564.jpeg?auto=compress&cs=tinysrgb&h=350,Cow
66,248167,https://images.pexels.com/photos/248167/pexels-photo-248167.jpeg?auto=compress&cs=tinysrgb&h=350,Cow
67,248337,https://images.pexels.com/photos/248337/pexels-photo-248337.jpeg?auto=compress&cs=tinysrgb&h=350,Cow
68,2496506,https://images.pexels.com/photos/2496506/pexels-photo-2496506.jpeg?auto=compress&cs=tinysrgb&h=350,Cow
69,254178,https://images.pexels.com/photos/254178/pexels-photo-254178.jpeg?auto=compress&cs=tinysrgb&h=350,Cow
70,2587312,https://images.pexels.com/photos/2587312/pexels-photo-2587312.jpeg?auto=compress&cs=tinysrgb&h=350,Cow
71,2647053,https://images.pexels.com/photos/2647053/pexels-photo-2647053.jpeg?auto=compress&cs=tinysrgb&h=350,Cow
72,3214973,https://images.pexels.com/photos/3214973/pexels-photo-3214973.jpeg?auto=compress&cs=tinysrgb&h=350,Cow
73,325257,https://images.pexels.com/photos/325257/pexels-photo-325257.jpeg?auto=compress&cs=tinysrgb&h=350,Cow
74,422202,https://images.pexels.com/photos/422202/pexels-photo-422202.jpeg?auto=compress&cs=tinysrgb&h=350,Cow
75,422218,https://images.pexels.com/photos/422218/pexels-photo-422218.jpeg?auto=compress&cs=tinysrgb&h=350,Cow
76,436796,https://images.pexels.com/photos/436796/pexels-photo-436796.jpeg?auto=compress&cs=tinysrgb&h=350,Cow
77,458991,https://images.pexels.com/photos/458991/pexels-photo-458991.jpeg?auto=compress&cs=tinysrgb&h=350,Cow
78,542258,https://images.pexels.com/photos/542258/pexels-photo-542258.jpeg?auto=compress&cs=tinysrgb&h=350,Cow
79,551624,https://images.pexels.com/photos/551624/pexels-photo-551624.jpeg?auto=compress&cs=tinysrgb&h=350,Cow
80,1249462,https://images.pexels.com/photos/1249462/pexels-photo-1249462.jpeg?auto=compress&cs=tinysrgb&h=350,Deer
81,1396100,https://images.pexels.com/photos/1396100/pexels-photo-1396100.jpeg?auto=compress&cs=tinysrgb&h=350,Deer
82,1472386,https://images.pexels.com/photos/1472386/pexels-photo-1472386.jpeg?auto=compress&cs=tinysrgb&h=350,Deer
83,1579683,https://images.pexels.com/photos/1579683/pexels-photo-1579683.jpeg?auto=compress&cs=tinysrgb&h=350,Deer
84,1809698,https://images.pexels.com/photos/1809698/pexels-photo-1809698.jpeg?auto=compress&cs=tinysrgb&h=350,Deer
85,2014947,https://images.pexels.com/photos/2014947/pexels-photo-2014947.jpeg?auto=compress&cs=tinysrgb&h=350,Deer
86,2302802,https://images.pexels.com/photos/2302802/pexels-photo-2302802.jpeg?auto=compress&cs=tinysrgb&h=350,Deer
87,2382783,https://images.pexels.com/photos/2382783/pexels-photo-2382783.jpeg?auto=compress&cs=tinysrgb&h=350,Deer
88,2607423,https://images.pexels.com/photos/2607423/pexels-photo-2607423.jpeg?auto=compress&cs=tinysrgb&h=350,Deer
89,286973,https://images.pexels.com/photos/286973/pexels-photo-286973.jpeg?auto=compress&cs=tinysrgb&h=350,Deer
90,3329812,https://images.pexels.com/photos/3329812/pexels-photo-3329812.jpeg?auto=compress&cs=tinysrgb&h=350,Deer
91,3874511,https://images.pexels.com/photos/3874511/pexels-photo-3874511.jpeg?auto=compress&cs=tinysrgb&h=350,Deer
92,534583,https://images.pexels.com/photos/534583/pexels-photo-534583.jpeg?auto=compress&cs=tinysrgb&h=350,Deer
93,6468167,https://images.pexels.com/photos/6468167/pexels-photo-6468167.jpeg?auto=compress&cs=tinysrgb&h=350,Deer
94,682373,https://images.pexels.com/photos/682373/pexels-photo-682373.jpeg?auto=compress&cs=tinysrgb&h=350,Deer
95,704454,https://images.pexels.com/photos/704454/pexels-photo-704454.jpeg?auto=compress&cs=tinysrgb&h=350,Deer
96,735987,https://images.pexels.com/photos/735987/pexels-photo-735987.jpeg?auto=compress&cs=tinysrgb&h=350,Deer
97,735988,https://images.pexels.com/photos/735988/pexels-photo-735988.jpeg?auto=compress&cs=tinysrgb&h=350,Deer
98,785059,https://images.pexels.com/photos/785059/pexels-photo-785059.jpeg?auto=compress&cs=tinysrgb&h=350,Deer
99,833418,https://images.pexels.com/photos/833418/pexels-photo-833418.jpeg?auto=compress&cs=tinysrgb&h=350,Deer
100,1108099,https://images.pexels.com/photos/1108099/pexels-photo-1108099.jpeg?auto=compress&cs=tinysrgb&h=350,Dog
101,1189673,https://images.pexels.com/photos/1189673/pexels-photo-1189673.jpeg?auto=compress&cs=tinysrgb&h=350,Dog
102,1254140,https://images.pexels.com/photos/1254140/pexels-photo-1254140.jpeg?auto=compress&cs=tinysrgb&h=350,Dog
103,1452717,https://images.pexels.com/photos/1452717/pexels-photo-1452717.jpeg?auto=compress&cs=tinysrgb&h=350,Dog
104,1490908,https://images.pexels.com/photos/1490908/pexels-photo-1490908.jpeg?auto=compress&cs=tinysrgb&h=350,Dog
105,1564506,https://images.pexels.com/photos/1564506/pexels-photo-1564506.jpeg?auto=compress&cs=tinysrgb&h=350,Dog
106,1612861,https://images.pexels.com/photos/1612861/pexels-photo-1612861.jpeg?auto=compress&cs=tinysrgb&h=350,Dog
107,1619690,https://images.pexels.com/photos/1619690/pexels-photo-1619690.jpeg?auto=compress&cs=tinysrgb&h=350,Dog
108,1629781,https://images.pexels.com/photos/1629781/pexels-photo-1629781.jpeg?auto=compress&cs=tinysrgb&h=350,Dog
109,1805164,https://images.pexels.com/photos/1805164/pexels-photo-1805164.jpeg?auto=compress&cs=tinysrgb&h=350,Dog
110,1851164,https://images.pexels.com/photos/1851164/pexels-photo-1851164.jpeg?auto=compress&cs=tinysrgb&h=350,Dog
111,1906153,https://images.pexels.com/photos/1906153/pexels-photo-1906153.jpeg?auto=compress&cs=tinysrgb&h=350,Dog
112,1938126,https://images.pexels.com/photos/1938126/pexels-photo-1938126.jpeg?auto=compress&cs=tinysrgb&h=350,Dog
113,2253275,https://images.pexels.com/photos/2253275/pexels-photo-2253275.jpeg?auto=compress&cs=tinysrgb&h=350,Dog
114,245035,https://images.pexels.com/photos/245035/pexels-photo-245035.jpeg?auto=compress&cs=tinysrgb&h=350,Dog
115,247522,https://images.pexels.com/photos/247522/pexels-photo-247522.jpeg?auto=compress&cs=tinysrgb&h=350,Dog
116,247937,https://images.pexels.com/photos/247937/pexels-photo-247937.jpeg?auto=compress&cs=tinysrgb&h=350,Dog
117,2607544,https://images.pexels.com/photos/2607544/pexels-photo-2607544.jpeg?auto=compress&cs=tinysrgb&h=350,Dog
118,2623968,https://images.pexels.com/photos/2623968/pexels-photo-2623968.jpeg?auto=compress&cs=tinysrgb&h=350,Dog
119,3687770,https://images.pexels.com/photos/3687770/pexels-photo-3687770.jpeg?auto=compress&cs=tinysrgb&h=350,Dog
120,10810758,https://images.pexels.com/photos/10810758/pexels-photo-10810758.jpeg?auto=compress&cs=tinysrgb&h=350,Dolphin
121,11335850,https://images.pexels.com/photos/11335850/pexels-photo-11335850.jpeg?auto=compress&cs=tinysrgb&h=350,Dolphin
122,133204,https://images.pexels.com/photos/133204/pexels-photo-133204.jpeg?auto=compress&cs=tinysrgb&h=350,Dolphin
123,17184330,https://images.pexels.com/photos/17184330/pexels-photo-17184330.jpeg?auto=compress&cs=tinysrgb&h=350,Dolphin
124,1986374,https://images.pexels.com/photos/1986374/pexels-photo-1986374.jpeg?auto=compress&cs=tinysrgb&h=350,Dolphin
125,20353126,https://images.pexels.com/photos/20353126/pexels-photo-20353126.jpeg?auto=compress&cs=tinysrgb&h=350,Dolphin
126,2203771,https://images.pexels.com/photos/2203771/pexels-photo-2203771.jpeg?auto=compress&cs=tinysrgb&h=350,Dolphin
127,22725867,https://images.pexels.com/photos/22725867/pexels-photo-22725867.jpeg?auto=compress&cs=tinysrgb&h=350,Dolphin
128,22820744,https://images.pexels.com/photos/22820744/pexels-photo-22820744.jpeg?auto=compress&cs=tinysrgb&h=350,Dolphin
129,2347462,https://images.pexels.com/photos/2347462/pexels-photo-2347462.jpeg?auto=compress&cs=tinysrgb&h=350,Dolphin
130,28770247,https://images.pexels.com/photos/28770247/pexels-photo-28770247.jpeg?auto=compress&cs=tinysrgb&h=350,Dolphin
131,2922672,https://images.pexels.com/photos/2922672/pexels-photo-2922672.jpeg?auto=compress&cs=tinysrgb&h=350,Dolphin
132,4591717,https://images.pexels.com/photos/4591717/pexels-photo-4591717.jpeg?auto=compress&cs=tinysrgb&h=350,Dolphin
133,4886378,https://images.pexels.com/photos/4886378/pexels-photo-4886378.jpeg?auto=compress&cs=tinysrgb&h=350,Dolphin
134,4961017,https://images.pexels.com/photos/4961017/pexels-photo-4961017.jpeg?auto=compress&cs=tinysrgb&h=350,Dolphin
135,5008377,https://images.pexels.com/photos/5008377/pexels-photo-5008377.jpeg?auto=compress&cs=tinysrgb&h=350,Dolphin
136,5015523,https://images.pexels.com/photos/5015523/pexels-photo-5015523.jpeg?auto=compress&cs=tinysrgb&h=350,Dolphin
137,5349758,https://images.pexels.com/photos/5349758/pexels-photo-5349758.jpeg?auto=compress&cs=tinysrgb&h=350,Dolphin
138,5486950,https://images.pexels.com/photos/5486950/pexels-photo-5486950.jpeg?auto=compress&cs=tinysrgb&h=350,Dolphin
139,5858974,https://images.pexels.com/photos/5858974/pexels-photo-5858974.jpeg?auto=compress&cs=tinysrgb&h=350,Dolphin
140,1054741,https://images.pexels.com/photos/1054741/pexels-photo-1054741.jpeg?auto=compress&cs=tinysrgb&h=350,Elephant
141,1057366,https://images.pexels.com/photos/1057366/pexels-photo-1057366.jpeg?auto=compress&cs=tinysrgb&h=350,Elephant
142,1289845,https://images.pexels.com/photos/1289845/pexels-photo-1289845.jpeg?auto=compress&cs=tinysrgb&h=350,Elephant
143,133394,https://images.pexels.com/photos/133394/pexels-photo-133394.jpeg?auto=compress&cs=tinysrgb&h=350,Elephant
144,1750820,https://images.pexels.com/photos/1750820/pexels-photo-1750820.jpeg?auto=compress&cs=tinysrgb&h=350,Elephant
145,2499271,https://images.pexels.com/photos/2499271/pexels-photo-2499271.jpeg?auto=compress&cs=tinysrgb&h=350,Elephant
146,2538265,https://images.pexels.com/photos/2538265/pexels-photo-2538265.jpeg?auto=compress&cs=tinysrgb&h=350,Elephant
147,2677843,https://images.pexels.com/photos/2677843/pexels-photo-2677843.jpeg?auto=compress&cs=tinysrgb&h=350,Elephant
148,2677849,https://images.pexels.com/photos/2677849/pexels-photo-2677849.jpeg?auto=compress&cs=tinysrgb&h=350,Elephant
149,322480,https://images.pexels.com/photos/322480/pexels-photo-322480.jpeg?auto=compress&cs=tinysrgb&h=350,Elephant
150,3691813,https://images.pexels.com/photos/3691813/pexels-photo-3691813.jpeg?auto=compress&cs=tinysrgb&h=350,Elephant
151,3739325,https://images.pexels.com/photos/3739325/pexels-photo-3739325.jpeg?auto=compress&cs=tinysrgb&h=350,Elephant
152,3739327,https://images.pexels.com/photos/3739327/pexels-photo-3739327.jpeg?auto=compress&cs=tinysrgb&h=350,Elephant
153,3850526,https://images.pexels.com/photos/3850526/pexels-photo-3850526.jpeg?auto=compress&cs=tinysrgb&h=350,Elephant
154,58915,https://images.pexels.com/photos/58915/pexels-photo-58915.jpeg?auto=compress&cs=tinysrgb&h=350,Elephant
155,631317,https://images.pexels.com/photos/631317/pexels-photo-631317.jpeg?auto=compress&cs=tinysrgb&h=350,Elephant
156,65566,https://images.pexels.com/photos/65566/pexels-photo-65566.jpeg?auto=compress&cs=tinysrgb&h=350,Elephant
157,667205,https://images.pexels.com/photos/667205/pexels-photo-667205.jpeg?auto=compress&cs=tinysrgb&h=350,Elephant
158,7001091,https://images.pexels.com/photos/7001091/pexels-photo-7001091.jpeg?auto=compress&cs=tinysrgb&h=350,Elephant
159,750536,https://images.pexels.com/photos/750536/pexels-photo-750536.jpeg?auto=compress&cs=tinysrgb&h=350,Elephant
160,1049500,https://images.pexels.com/photos/1049500/pexels-photo-1049500.jpeg?auto=compress&cs=tinysrgb&h=350,Giraffe
161,1201525,https://images.pexels.com/photos/1201525/pexels-photo-1201525.jpeg?auto=compress&cs=tinysrgb&h=350,Giraffe
162,1233286,https://images.pexels.com/photos/1233286/pexels-photo-1233286.jpeg?auto=compress&cs=tinysrgb&h=350,Giraffe
163,1319515,https://images.pexels.com/photos/1319515/pexels-photo-1319515.jpeg?auto=compress&cs=tinysrgb&h=350,Giraffe
164,1319624,https://images.pexels.com/photos/1319624/pexels-photo-1319624.jpeg?auto=compress&cs=tinysrgb&h=350,Giraffe
165,1382156,https://images.pexels.com/photos/1382156/pexels-photo-1382156.jpeg?auto=compress&cs=tinysrgb&h=350,Giraffe
166,1435496,https://images.pexels.com/photos/1435496/pexels-photo-1435496.jpeg?auto=compress&cs=tinysrgb&h=350,Giraffe
167,1670732,https://images.pexels.com/photos/1670732/pexels-photo-1670732.jpeg?auto=compress&cs=tinysrgb&h=350,Giraffe
168,2167374,https://images.pexels.com/photos/2167374/pexels-photo-2167374.jpeg?auto=compress&cs=tinysrgb&h=350,Giraffe
169,2189336,https://images.pexels.com/photos/2189336/pexels-photo-2189336.jpeg?auto=compress&cs=tinysrgb&h=350,Giraffe
170,2317536,https://images.pexels.com/photos/2317536/pexels-photo-2317536.jpeg?auto=compress&cs=tinysrgb&h=350,Giraffe
171,2387872,https://images.pexels.com/photos/2387872/pexels-photo-2387872.jpeg?auto=compress&cs=tinysrgb&h=350,Giraffe
172,2541407,https://images.pexels.com/photos/2541407/pexels-photo-2541407.jpeg?auto=compress&cs=tinysrgb&h=350,Giraffe
173,2664264,https://images.pexels.com/photos/2664264/pexels-photo-2664264.jpeg?auto=compress&cs=tinysrgb&h=350,Giraffe
174,3529692,https://images.pexels.com/photos/3529692/pexels-photo-3529692.jpeg?auto=compress&cs=tinysrgb&h=350,Giraffe
175,368060,https://images.pexels.com/photos/368060/pexels-photo-368060.jpeg?auto=compress&cs=tinysrgb&h=350,Giraffe
176,3889920,https://images.pexels.com/photos/3889920/pexels-photo-3889920.jpeg?auto=compress&cs=tinysrgb&h=350,Giraffe
177,425042,https://images.pexels.com/photos/425042/pexels-photo-425042.jpeg?auto=compress&cs=tinysrgb&h=350,Giraffe
178,534572,https://images.pexels.com/photos/534572/pexels-photo-534572.jpeg?auto=compress&cs=tinysrgb&h=350,Giraffe
179,65565,https://images.pexels.com/photos/65565/pexels-photo-65565.jpeg?auto=compress&cs=tinysrgb&h=350,Giraffe
180,101667,https://images.pexels.com/photos/101667/pexels-photo-101667.jpeg?auto=compress&cs=tinysrgb&h=350,Horse
181,1090408,https://images.pexels.com/photos/1090408/pexels-photo-1090408.jpeg?auto=compress&cs=tinysrgb&h=350,Horse
182,1327107,https://images.pexels.com/photos/1327107/pexels-photo-1327107.jpeg?auto=compress&cs=tinysrgb&h=350,Horse
183,1574546,https://images.pexels.com/photos/1574546/pexels-photo-1574546.jpeg?auto=compress&cs=tinysrgb&h=350,Horse
184,1730759,https://images.pexels.com/photos/1730759/pexels-photo-1730759.jpeg?auto=compress&cs=tinysrgb&h=350,Horse
185,1730760,https://images.pexels.com/photos/1730760/pexels-photo-1730760.jpeg?auto=compress&cs=tinysrgb&h=350,Horse
186,1848725,https://images.pexels.com/photos/1848725/pexels-photo-1848725.jpeg?auto=compress&cs=tinysrgb&h=350,Horse
187,1996330,https://images.pexels.com/photos/1996330/pexels-photo-1996330.jpeg?auto=compress&cs=tinysrgb&h=350,Horse
188,1996332,https://images.pexels.com/photos/1996332/pexels-photo-1996332.jpeg?auto=compress&cs=tinysrgb&h=350,Horse
189,1996334,https://images.pexels.com/photos/1996334/pexels-photo-1996334.jpeg?auto=compress&cs=tinysrgb&h=350,Horse
190,1996337,https://images.pexels.com/photos/1996337/pexels-photo-1996337.jpeg?auto=compress&cs=tinysrgb&h=350,Horse
191,2009697,https://images.pexels.com/photos/2009697/pexels-photo-2009697.jpeg?auto=compress&cs=tinysrgb&h=350,Horse
192,208866,https://images.pexels.com/photos/208866/pexels-photo-208866.jpeg?auto=compress&cs=tinysrgb&h=350,Horse
193,209045,https://images.pexels.com/photos/209045/pexels-photo-209045.jpeg?auto=compress&cs=tinysrgb&h=350,Horse
194,209065,https://images.pexels.com/photos/209065/pexels-photo-209065.jpeg?auto=compress&cs=tinysrgb&h=350,Horse
195,2123375,https://images.pexels.com/photos/2123375/pexels-photo-2123375.jpeg?auto=compress&cs=tinysrgb&h=350,Horse
196,2332836,https://images.pexels.com/photos/2332836/pexels-photo-2332836.jpeg?auto=compress&cs=tinysrgb&h=350,Horse
197,235894,https://images.pexels.com/photos/235894/pexels-photo-235894.jpeg?auto=compress&cs=tinysrgb&h=350,Horse
198,282893,https://images.pexels.com/photos/282893/pexels-photo-282893.jpeg?auto=compress&cs=tinysrgb&h=350,Horse
199,463735,https://images.pexels.com/photos/463735/pexels-photo-463735.jpeg?auto=compress&cs=tinysrgb&h=350,Horse
200,1766217,https://images.pexels.com/photos/1766217/pexels-photo-1766217.jpeg?auto=compress&cs=tinysrgb&h=350,Kangaroo
201,20185449,https://images.pexels.com/photos/20185449/pexels-photo-20185449.jpeg?auto=compress&cs=tinysrgb&h=350,Kangaroo
202,2560510,https://images.pexels.com/photos/2560510/pexels-photo-2560510.jpeg?auto=compress&cs=tinysrgb&h=350,Kangaroo
203,2573494,https://images.pexels.com/photos/2573494/pexels-photo-2573494.jpeg?auto=compress&cs=tinysrgb&h=350,Kangaroo
204,2587082,https://images.pexels.com/photos/2587082/pexels-photo-2587082.jpeg?auto=compress&cs=tinysrgb&h=350,Kangaroo
205,2590179,https://images.pexels.com/photos/2590179/pexels-photo-2590179.jpeg?auto=compress&cs=tinysrgb&h=350,Kangaroo
206,2598767,https://images.pexels.com/photos/2598767/pexels-photo-2598767.jpeg?auto=compress&cs=tinysrgb&h=350,Kangaroo
207,26049746,https://images.pexels.com/photos/26049746/pexels-photo-26049746.jpeg?auto=compress&cs=tinysrgb&h=350,Kangaroo
208,26049747,https://images.pexels.com/photos/26049747/pexels-photo-26049747.jpeg?auto=compress&cs=tinysrgb&h=350,Kangaroo
209,26049748,https://images.pexels.com/photos/26049748/pexels-photo-26049748.jpeg?auto=compress&cs=tinysrgb&h=350,Kangaroo
210,26049749,https://images.pexels.com/photos/26049749/pexels-photo-26049749.jpeg?auto=compress&cs=tinysrgb&h=350,Kangaroo
211,26049750,https://images.pexels.com/photos/26049750/pexels-photo-26049750.jpeg?auto=compress&cs=tinysrgb&h=350,Kangaroo
212,26049751,https://images.pexels.com/photos/26049751/pexels-photo-26049751.jpeg?auto=compress&cs=tinysrgb&h=350,Kangaroo
213,26049752,https://images.pexels.com/photos/26049752/pexels-photo-26049752.jpeg?auto=compress&cs=tinysrgb&h=350,Kangaroo
214,26051332,https://images.pexels.com/photos/26051332/pexels-photo-26051332.jpeg?auto=compress&cs=tinysrgb&h=350,Kangaroo
215,2615031,https://images.pexels.com/photos/2615031/pexels-photo-2615031.jpeg?auto=compress&cs=tinysrgb&h=350,Kangaroo
216,2619707,https://images.pexels.com/photos/2619707/pexels-photo-2619707.jpeg?auto=compress&cs=tinysrgb&h=350,Kangaroo
217,26645803,https://images.pexels.com/photos/26645803/pexels-photo-26645803.jpeg?auto=compress&cs=tinysrgb&h=350,Kangaroo
218,2666986,https://images.pexels.com/photos/2666986/pexels-photo-2666986.jpeg?auto=compress&cs=tinysrgb&h=350,Kangaroo
219,3048252,https://images.pexels.com/photos/3048252/pexels-photo-3048252.jpeg?auto=compress&cs=tinysrgb&h=350,Kangaroo
220,107506,https://images.pexels.com/photos/107506/pexels-photo-107506.jpeg?auto=compress&cs=tinysrgb&h=350,Lion
221,1300960,https://images.pexels.com/photos/1300960/pexels-photo-1300960.jpeg?auto=compress&cs=tinysrgb&h=350,Lion
222,1320412,https://images.pexels.com/photos/1320412/pexels-photo-1320412.jpeg?auto=compress&cs=tinysrgb&h=350,Lion
223,1622508,https://images.pexels.com/photos/1622508/pexels-photo-1622508.jpeg?auto=compress&cs=tinysrgb&h=350,Lion
224,1912176,https://images.pexels.com/photos/1912176/pexels-photo-1912176.jpeg?auto=compress&cs=tinysrgb&h=350,Lion
225,209077,https://images.pexels.com/photos/209077/pexels-photo-209077.jpeg?auto=compress&cs=tinysrgb&h=350,Lion
226,215818,https://images.pexels.com/photos/215818/pexels-photo-215818.jpeg?auto=compress&cs=tinysrgb&h=350,Lion
227,2220337,https://images.pexels.com/photos/2220337/pexels-photo-2220337.jpeg?auto=compress&cs=tinysrgb&h=350,Lion
228,2265248,https://images.pexels.com/photos/2265248/pexels-photo-2265248.jpeg?auto=compress&cs=tinysrgb&h=350,Lion
229,2270848,https://images.pexels.com/photos/2270848/pexels-photo-2270848.jpeg?auto=compress&cs=tinysrgb&h=350,Lion
230,2564889,https://images.pexels.com/photos/2564889/pexels-photo-2564889.jpeg?auto=compress&cs=tinysrgb&h=350,Lion
231,2674052,https://images.pexels.com/photos/2674052/pexels-photo-2674052.jpeg?auto=compress&cs=tinysrgb&h=350,Lion
232,2955703,https://images.pexels.com/photos/2955703/pexels-photo-2955703.jpeg?auto=compress&cs=tinysrgb&h=350,Lion
233,3498323,https://images.pexels.com/photos/3498323/pexels-photo-3498323.jpeg?auto=compress&cs=tinysrgb&h=350,Lion
234,357209,https://images.pexels.com/photos/357209/pexels-photo-357209.jpeg?auto=compress&cs=tinysrgb&h=350,Lion
235,3651330,https://images.pexels.com/photos/3651330/pexels-photo-3651330.jpeg?auto=compress&cs=tinysrgb&h=350,Lion
236,4032590,https://images.pexels.com/photos/4032590/pexels-photo-4032590.jpeg?auto=compress&cs=tinysrgb&h=350,Lion
237,461007,https://images.pexels.com/photos/461007/pexels-photo-461007.jpeg?auto=compress&cs=tinysrgb&h=350,Lion
238,584184,https://images.pexels.com/photos/584184/pexels-photo-584184.jpeg?auto=compress&cs=tinysrgb&h=350,Lion
239,675406,https://images.pexels.com/photos/675406/pexels-photo-675406.jpeg?auto=compress&cs=tinysrgb&h=350,Lion
240,146244,https://images.pexels.com/photos/146244/pexels-photo-146244.jpeg?auto=compress&cs=tinysrgb&h=350,Panda
241,14925845,https://images.pexels.com/photos/14925845/pexels-photo-14925845.jpeg?auto=compress&cs=tinysrgb&h=350,Panda
242,14925846,https://images.pexels.com/photos/14925846/pexels-photo-14925846.jpeg?auto=compress&cs=tinysrgb&h=350,Panda
243,15705350,https://images.pexels.com/photos/15705350/pexels-photo-15705350.jpeg?auto=compress&cs=tinysrgb&h=350,Panda
244,16200700,https://images.pexels.com/photos/16200700/pexels-photo-16200700.jpeg?auto=compress&cs=tinysrgb&h=350,Panda
245,16200701,https://images.pexels.com/photos/16200701/pexels-photo-16200701.jpeg?auto=compress&cs=tinysrgb&h=350,Panda
246,16200703,https://images.pexels.com/photos/16200703/pexels-photo-16200703.jpeg?auto=compress&cs=tinysrgb&h=350,Panda
247,1661535,https://images.pexels.com/photos/1661535/pexels-photo-1661535.jpeg?auto=compress&cs=tinysrgb&h=350,Panda
248,17648462,https://images.pexels.com/photos/17648462/pexels-photo-17648462.jpeg?auto=compress&cs=tinysrgb&h=350,Panda
249,17648469,https://images.pexels.com/photos/17648469/pexels-photo-17648469.jpeg?auto=compress&cs=tinysrgb&h=350,Panda
250,19590471,https://images.pexels.com/photos/19590471/pexels-photo-19590471.jpeg?auto=compress&cs=tinysrgb&h=350,Panda
251,2265247,https://images.pexels.com/photos/2265247/pexels-photo-2265247.jpeg?auto=compress&cs=tinysrgb&h=350,Panda
252,2307365,https://images.pexels.com/photos/2307365/pexels-photo-2307365.jpeg?auto=compress&cs=tinysrgb&h=350,Panda
253,247480,https://images.pexels.com/photos/247480/pexels-photo-247480.jpeg?auto=compress&cs=tinysrgb&h=350,Panda
254,26087029,https://images.pexels.com/photos/26087029/pexels-photo-26087029.jpeg?auto=compress&cs=tinysrgb&h=350,Panda
255,26890037,https://images.pexels.com/photos/26890037/pexels-photo-26890037.jpeg?auto=compress&cs=tinysrgb&h=350,Panda
256,3634929,https://images.pexels.com/photos/3634929/pexels-photo-3634929.jpeg?auto=compress&cs=tinysrgb&h=350,Panda
257,4060848,https://images.pexels.com/photos/4060848/pexels-photo-4060848.jpeg?auto=compress&cs=tinysrgb&h=350,Panda
258,4444037,https://images.pexels.com/photos/4444037/pexels-photo-4444037.jpeg?auto=compress&cs=tinysrgb&h=350,Panda
259,7506265,https://images.pexels.com/photos/7506265/pexels-photo-7506265.jpeg?auto=compress&cs=tinysrgb&h=350,Panda
260,133408,https://images.pexels.com/photos/133408/pexels-photo-133408.jpeg?auto=compress&cs=tinysrgb&h=350,Tiger
261,1386559,https://images.pexels.com/photos/1386559/pexels-photo-1386559.jpeg?auto=compress&cs=tinysrgb&h=350,Tiger
262,1642070,https://images.pexels.com/photos/1642070/pexels-photo-1642070.jpeg?auto=compress&cs=tinysrgb&h=350,Tiger
263,2040906,https://images.pexels.com/photos/2040906/pexels-photo-2040906.jpeg?auto=compress&cs=tinysrgb&h=350,Tiger
264,2263936,https://images.pexels.com/photos/2263936/pexels-photo-2263936.jpeg?auto=compress&cs=tinysrgb&h=350,Tiger
265,2267333,https://images.pexels.com/photos/2267333/pexels-photo-2267333.jpeg?auto=compress&cs=tinysrgb&h=350,Tiger
266,2529296,https://images.pexels.com/photos/2529296/pexels-photo-2529296.jpeg?auto=compress&cs=tinysrgb&h=350,Tiger
267,2575693,https://images.pexels.com/photos/2575693/pexels-photo-2575693.jpeg?auto=compress&cs=tinysrgb&h=350,Tiger
268,2575694,https://images.pexels.com/photos/2575694/pexels-photo-2575694.jpeg?auto=compress&cs=tinysrgb&h=350,Tiger
269,2642315,https://images.pexels.com/photos/2642315/pexels-photo-2642315.jpeg?auto=compress&cs=tinysrgb&h=350,Tiger
270,2663665,https://images.pexels.com/photos/2663665/pexels-photo-2663665.jpeg?auto=compress&cs=tinysrgb&h=350,Tiger
271,2668605,https://images.pexels.com/photos/2668605/pexels-photo-2668605.jpeg?auto=compress&cs=tinysrgb&h=350,Tiger
272,2668606,https://images.pexels.com/photos/2668606/pexels-photo-2668606.jpeg?auto=compress&cs=tinysrgb&h=350,Tiger
273,2668607,https://images.pexels.com/photos/2668607/pexels-photo-2668607.jpeg?auto=compress&cs=tinysrgb&h=350,Tiger
274,2689436,https://images.pexels.com/photos/2689436/pexels-photo-2689436.jpeg?auto=compress&cs=tinysrgb&h=350,Tiger
275,269193,https://images.pexels.com/photos/269193/pexels-photo-269193.jpeg?auto=compress&cs=tinysrgb&h=350,Tiger
276,2926038,https://images.pexels.com/photos/2926038/pexels-photo-2926038.jpeg?auto=compress&cs=tinysrgb&h=350,Tiger
277,302276,https://images.pexels.com/photos/302276/pexels-photo-302276.jpeg?auto=compress&cs=tinysrgb&h=350,Tiger
278,302304,https://images.pexels.com/photos/302304/pexels-photo-302304.jpeg?auto=compress&cs=tinysrgb&h=350,Tiger
279,3860030,https://images.pexels.com/photos/3860030/pexels-photo-3860030.jpeg?auto=compress&cs=tinysrgb&h=350,Tiger
280,1054701,https://images.pexels.com/photos/1054701/pexels-photo-1054701.jpeg?auto=compress&cs=tinysrgb&h=350,Zebra
281,1054703,https://images.pexels.com/photos/1054703/pexels-photo-1054703.jpeg?auto=compress&cs=tinysrgb&h=350,Zebra
282,1302423,https://images.pexels.com/photos/1302423/pexels-photo-1302423.jpeg?auto=compress&cs=tinysrgb&h=350,Zebra
283,1319629,https://images.pexels.com/photos/1319629/pexels-photo-1319629.jpeg?auto=compress&cs=tinysrgb&h=350,Zebra
284,1595719,https://images.pexels.com/photos/1595719/pexels-photo-1595719.jpeg?auto=compress&cs=tinysrgb&h=350,Zebra
285,1655676,https://images.pexels.com/photos/1655676/pexels-photo-1655676.jpeg?auto=compress&cs=tinysrgb&h=350,Zebra
286,1815084,https://images.pexels.com/photos/1815084/pexels-photo-1815084.jpeg?auto=compress&cs=tinysrgb&h=350,Zebra
287,1916645,https://images.pexels.com/photos/1916645/pexels-photo-1916645.jpeg?auto=compress&cs=tinysrgb&h=350,Zebra
288,2118656,https://images.pexels.com/photos/2118656/pexels-photo-2118656.jpeg?auto=compress&cs=tinysrgb&h=350,Zebra
289,2317537,https://images.pexels.com/photos/2317537/pexels-photo-2317537.jpeg?auto=compress&cs=tinysrgb&h=350,Zebra
290,259547,https://images.pexels.com/photos/259547/pexels-photo-259547.jpeg?auto=compress&cs=tinysrgb&h=350,Zebra
291,2942206,https://images.pexels.com/photos/2942206/pexels-photo-2942206.jpeg?auto=compress&cs=tinysrgb&h=350,Zebra
292,3250752,https://images.pexels.com/photos/3250752/pexels-photo-3250752.jpeg?auto=compress&cs=tinysrgb&h=350,Zebra
293,3844922,https://images.pexels.com/photos/3844922/pexels-photo-3844922.jpeg?auto=compress&cs=tinysrgb&h=350,Zebra
294,619863,https://images.pexels.com/photos/619863/pexels-photo-619863.jpeg?auto=compress&cs=tinysrgb&h=350,Zebra
295,720298,https://images.pexels.com/photos/720298/pexels-photo-720298.jpeg?auto=compress&cs=tinysrgb&h=350,Zebra
296,750539,https://images.pexels.com/photos/750539/pexels-photo-750539.jpeg?auto=compress&cs=tinysrgb&h=350,Zebra
297,750540,https://images.pexels.com/photos/750540/pexels-photo-750540.jpeg?auto=compress&cs=tinysrgb&h=350,Zebra
298,760958,https://images.pexels.com/photos/760958/pexels-photo-760958.jpeg?auto=compress&cs=tinysrgb&h=350,Zebra
299,763925,https://images.pexels.com/photos/763925/pexels-photo-763925.jpeg?auto=compress&cs=tinysrgb&h=350,Zebra
