,ID,URL,SEARCH
0,3225517,https://images.pexels.com/photos/3225517/pexels-photo-3225517.jpeg?auto=compress&cs=tinysrgb&h=350,Nature
1,1547813,https://images.pexels.com/photos/1547813/pexels-photo-1547813.jpeg?auto=compress&cs=tinysrgb&h=350,Nature
2,1820563,https://images.pexels.com/photos/1820563/pexels-photo-1820563.jpeg?auto=compress&cs=tinysrgb&h=350,Nature
3,2086622,https://images.pexels.com/photos/2086622/pexels-photo-2086622.jpeg?auto=compress&cs=tinysrgb&h=350,Nature
4,2189696,https://images.pexels.com/photos/2189696/pexels-photo-2189696.jpeg?auto=compress&cs=tinysrgb&h=350,Nature
5,1028225,https://images.pexels.com/photos/1028225/pexels-photo-1028225.jpeg?auto=compress&cs=tinysrgb&h=350,Nature
6,1276518,https://images.pexels.com/photos/1276518/pexels-photo-1276518.jpeg?auto=compress&cs=tinysrgb&h=350,Nature
7,1770809,https://images.pexels.com/photos/1770809/pexels-photo-1770809.jpeg?auto=compress&cs=tinysrgb&h=350,Nature
8,1381679,https://images.pexels.com/photos/1381679/pexels-photo-1381679.jpeg?auto=compress&cs=tinysrgb&h=350,Nature
9,446462,https://images.pexels.com/photos/446462/pexels-photo-446462.jpeg?auto=compress&cs=tinysrgb&h=350,Nature
10,298821,https://images.pexels.com/photos/298821/pexels-photo-298821.jpeg?auto=compress&cs=tinysrgb&h=350,Nature
11,1624504,https://images.pexels.com/photos/1624504/pexels-photo-1624504.jpeg?auto=compress&cs=tinysrgb&h=350,Nature
12,534164,https://images.pexels.com/photos/534164/pexels-photo-534164.jpeg?auto=compress&cs=tinysrgb&h=350,Nature
13,1761279,https://images.pexels.com/photos/1761279/pexels-photo-1761279.jpeg?auto=compress&cs=tinysrgb&h=350,Nature
14,1234035,https://images.pexels.com/photos/1234035/pexels-photo-1234035.jpeg?auto=compress&cs=tinysrgb&h=350,Nature
15,316398,https://images.pexels.com/photos/316398/pexels-photo-316398.jpeg?auto=compress&cs=tinysrgb&h=350,Nature
16,2105416,https://images.pexels.com/photos/2105416/pexels-photo-2105416.jpeg?auto=compress&cs=tinysrgb&h=350,Nature
17,612891,https://images.pexels.com/photos/612891/pexels-photo-612891.jpeg?auto=compress&cs=tinysrgb&h=350,Nature
18,1161375,https://images.pexels.com/photos/1161375/pexels-photo-1161375.jpeg?auto=compress&cs=tinysrgb&h=350,Nature
19,629162,https://images.pexels.com/photos/629162/pexels-photo-629162.jpeg?auto=compress&cs=tinysrgb&h=350,Nature
20,1062249,https://images.pexels.com/photos/1062249/pexels-photo-1062249.jpeg?auto=compress&cs=tinysrgb&h=350,Nature
21,321552,https://images.pexels.com/photos/321552/pexels-photo-321552.jpeg?auto=compress&cs=tinysrgb&h=350,Monkey
22,39857,https://images.pexels.com/photos/39857/leopard-leopard-spots-animal-wild-39857.jpeg?auto=compress&cs=tinysrgb&h=350,Leopard
23,51129,https://images.pexels.com/photos/51129/leopard-animal-cat-cheetah-51129.jpeg?auto=compress&cs=tinysrgb&h=350,Leopard
24,1316297,https://images.pexels.com/photos/1316297/pexels-photo-1316297.jpeg?auto=compress&cs=tinysrgb&h=350,Leopard
25,267074,https://images.pexels.com/photos/267074/pexels-photo-267074.jpeg?auto=compress&cs=tinysrgb&h=350,Leopard
26,773000,https://images.pexels.com/photos/773000/pexels-photo-773000.jpeg?auto=compress&cs=tinysrgb&h=350,Leopard
27,208965,https://images.pexels.com/photos/208965/pexels-photo-208965.jpeg?auto=compress&cs=tinysrgb&h=350,Leopard
28,1642068,https://images.pexels.com/photos/1642068/pexels-photo-1642068.jpeg?auto=compress&cs=tinysrgb&h=350,Leopard
29,625727,https://images.pexels.com/photos/625727/pexels-photo-625727.jpeg?auto=compress&cs=tinysrgb&h=350,Leopard
30,1478023,https://images.pexels.com/photos/1478023/pexels-photo-1478023.jpeg?auto=compress&cs=tinysrgb&h=350,Leopard
31,88234,https://images.pexels.com/photos/88234/pexels-photo-88234.jpeg?auto=compress&cs=tinysrgb&h=350,Leopard
32,235878,https://images.pexels.com/photos/235878/pexels-photo-235878.jpeg?auto=compress&cs=tinysrgb&h=350,Leopard
33,235674,https://images.pexels.com/photos/235674/pexels-photo-235674.jpeg?auto=compress&cs=tinysrgb&h=350,Leopard
34,1642069,https://images.pexels.com/photos/1642069/pexels-photo-1642069.jpeg?auto=compress&cs=tinysrgb&h=350,Leopard
35,1802616,https://images.pexels.com/photos/1802616/pexels-photo-1802616.jpeg?auto=compress&cs=tinysrgb&h=350,Leopard
36,773004,https://images.pexels.com/photos/773004/pexels-photo-773004.jpeg?auto=compress&cs=tinysrgb&h=350,Leopard
37,1895046,https://images.pexels.com/photos/1895046/pexels-photo-1895046.jpeg?auto=compress&cs=tinysrgb&h=350,Leopard
38,1375555,https://images.pexels.com/photos/1375555/pexels-photo-1375555.jpeg?auto=compress&cs=tinysrgb&h=350,Leopard
39,2451625,https://images.pexels.com/photos/2451625/pexels-photo-2451625.jpeg?auto=compress&cs=tinysrgb&h=350,Leopard
40,1319504,https://images.pexels.com/photos/1319504/pexels-photo-1319504.jpeg?auto=compress&cs=tinysrgb&h=350,Leopard
41,2411916,https://images.pexels.com/photos/2411916/pexels-photo-2411916.jpeg?auto=compress&cs=tinysrgb&h=350,Leopard
42,288621,https://images.pexels.com/photos/288621/pexels-photo-288621.jpeg?auto=compress&cs=tinysrgb&h=350,Sheep
43,678448,https://images.pexels.com/photos/678448/pexels-photo-678448.jpeg?auto=compress&cs=tinysrgb&h=350,Sheep
44,59821,https://images.pexels.com/photos/59821/lamb-spring-nature-animal-59821.jpeg?auto=compress&cs=tinysrgb&h=350,Sheep
45,1574843,https://images.pexels.com/photos/1574843/pexels-photo-1574843.jpeg?auto=compress&cs=tinysrgb&h=350,Sheep
46,436793,https://images.pexels.com/photos/436793/pexels-photo-436793.jpeg?auto=compress&cs=tinysrgb&h=350,Sheep
47,1368521,https://images.pexels.com/photos/1368521/pexels-photo-1368521.jpeg?auto=compress&cs=tinysrgb&h=350,Sheep
48,459215,https://images.pexels.com/photos/459215/pexels-photo-459215.jpeg?auto=compress&cs=tinysrgb&h=350,Sheep
49,462119,https://images.pexels.com/photos/462119/pexels-photo-462119.jpeg?auto=compress&cs=tinysrgb&h=350,Sheep
50,1420706,https://images.pexels.com/photos/1420706/pexels-photo-1420706.jpeg?auto=compress&cs=tinysrgb&h=350,Sheep
51,593898,https://images.pexels.com/photos/593898/pexels-photo-593898.jpeg?auto=compress&cs=tinysrgb&h=350,Sheep
52,678444,https://images.pexels.com/photos/678444/pexels-photo-678444.jpeg?auto=compress&cs=tinysrgb&h=350,Sheep
53,2291039,https://images.pexels.com/photos/2291039/pexels-photo-2291039.jpeg?auto=compress&cs=tinysrgb&h=350,Sheep
54,1557650,https://images.pexels.com/photos/1557650/pexels-photo-1557650.jpeg?auto=compress&cs=tinysrgb&h=350,Sheep
55,977239,https://images.pexels.com/photos/977239/pexels-photo-977239.jpeg?auto=compress&cs=tinysrgb&h=350,Sheep
56,2148933,https://images.pexels.com/photos/2148933/pexels-photo-2148933.jpeg?auto=compress&cs=tinysrgb&h=350,Sheep
57,568020,https://images.pexels.com/photos/568020/pexels-photo-568020.jpeg?auto=compress&cs=tinysrgb&h=350,Sheep
58,2587313,https://images.pexels.com/photos/2587313/pexels-photo-2587313.jpeg?auto=compress&cs=tinysrgb&h=350,Sheep
59,688618,https://images.pexels.com/photos/688618/pexels-photo-688618.jpeg?auto=compress&cs=tinysrgb&h=350,Sheep
60,599040,https://images.pexels.com/photos/599040/pexels-photo-599040.jpeg?auto=compress&cs=tinysrgb&h=350,Sheep
61,587411,https://images.pexels.com/photos/587411/pexels-photo-587411.jpeg?auto=compress&cs=tinysrgb&h=350,Sheep
62,11737328,https://images.pexels.com/photos/11737328/pexels-photo-11737328.jpeg?auto=compress&cs=tinysrgb&h=350,Buidings
63,15215349,https://images.pexels.com/photos/15215349/pexels-photo-15215349.jpeg?auto=compress&cs=tinysrgb&h=350,Buidings
64,13981866,https://images.pexels.com/photos/13981866/pexels-photo-13981866.jpeg?auto=compress&cs=tinysrgb&h=350,Buidings
65,6408704,https://images.pexels.com/photos/6408704/pexels-photo-6408704.jpeg?auto=compress&cs=tinysrgb&h=350,Buidings
66,11473266,https://images.pexels.com/photos/11473266/pexels-photo-11473266.jpeg?auto=compress&cs=tinysrgb&h=350,Buidings
67,13716218,https://images.pexels.com/photos/13716218/pexels-photo-13716218.jpeg?auto=compress&cs=tinysrgb&h=350,Buidings
68,13741335,https://images.pexels.com/photos/13741335/pexels-photo-13741335.jpeg?auto=compress&cs=tinysrgb&h=350,Buidings
69,12566275,https://images.pexels.com/photos/12566275/pexels-photo-12566275.jpeg?auto=compress&cs=tinysrgb&h=350,Buidings
70,12771547,https://images.pexels.com/photos/12771547/pexels-photo-12771547.jpeg?auto=compress&cs=tinysrgb&h=350,Buidings
71,14576696,https://images.pexels.com/photos/14576696/pexels-photo-14576696.jpeg?auto=compress&cs=tinysrgb&h=350,Buidings
72,1499596,https://images.pexels.com/photos/1499596/pexels-photo-1499596.jpeg?auto=compress&cs=tinysrgb&h=350,Antelope
73,672706,https://images.pexels.com/photos/672706/pexels-photo-672706.jpeg?auto=compress&cs=tinysrgb&h=350,Antelope
74,1130434,https://images.pexels.com/photos/1130434/pexels-photo-1130434.jpeg?auto=compress&cs=tinysrgb&h=350,Antelope
75,561858,https://images.pexels.com/photos/561858/pexels-photo-561858.jpeg?auto=compress&cs=tinysrgb&h=350,Antelope
76,2663483,https://images.pexels.com/photos/2663483/pexels-photo-2663483.jpeg?auto=compress&cs=tinysrgb&h=350,Antelope
77,469676,https://images.pexels.com/photos/469676/pexels-photo-469676.jpeg?auto=compress&cs=tinysrgb&h=350,Antelope
78,1130436,https://images.pexels.com/photos/1130436/pexels-photo-1130436.jpeg?auto=compress&cs=tinysrgb&h=350,Antelope
79,3566237,https://images.pexels.com/photos/3566237/pexels-photo-3566237.jpeg?auto=compress&cs=tinysrgb&h=350,Antelope
80,815878,https://images.pexels.com/photos/815878/pexels-photo-815878.jpeg?auto=compress&cs=tinysrgb&h=350,Antelope
81,3767857,https://images.pexels.com/photos/3767857/pexels-photo-3767857.jpeg?auto=compress&cs=tinysrgb&h=350,Antelope
82,26148142,https://images.pexels.com/photos/26148142/pexels-photo-26148142.jpeg?auto=compress&cs=tinysrgb&h=350,Antelope
83,26382040,https://images.pexels.com/photos/26382040/pexels-photo-26382040.jpeg?auto=compress&cs=tinysrgb&h=350,Antelope
84,26382043,https://images.pexels.com/photos/26382043/pexels-photo-26382043.jpeg?auto=compress&cs=tinysrgb&h=350,Antelope
85,339150,https://images.pexels.com/photos/339150/pexels-photo-339150.jpeg?auto=compress&cs=tinysrgb&h=350,Nature
86,106399,https://images.pexels.com/photos/106399/pexels-photo-106399.jpeg?auto=compress&cs=tinysrgb&h=350,House
87,323780,https://images.pexels.com/photos/323780/pexels-photo-323780.jpeg?auto=compress&cs=tinysrgb&h=350,House
88,1396122,https://images.pexels.com/photos/1396122/pexels-photo-1396122.jpeg?auto=compress&cs=tinysrgb&h=350,House
89,101808,https://images.pexels.com/photos/101808/pexels-photo-101808.jpeg?auto=compress&cs=tinysrgb&h=350,House
90,1029599,https://images.pexels.com/photos/1029599/pexels-photo-1029599.jpeg?auto=compress&cs=tinysrgb&h=350,House
91,259588,https://images.pexels.com/photos/259588/pexels-photo-259588.jpeg?auto=compress&cs=tinysrgb&h=350,House
92,2121121,https://images.pexels.com/photos/2121121/pexels-photo-2121121.jpeg?auto=compress&cs=tinysrgb&h=350,House
93,280229,https://images.pexels.com/photos/280229/pexels-photo-280229.jpeg?auto=compress&cs=tinysrgb&h=350,House
94,2635038,https://images.pexels.com/photos/2635038/pexels-photo-2635038.jpeg?auto=compress&cs=tinysrgb&h=350,House
95,1438832,https://images.pexels.com/photos/1438832/pexels-photo-1438832.jpeg?auto=compress&cs=tinysrgb&h=350,House
96,598751,https://images.pexels.com/photos/598751/pexels-photo-598751.jpeg?auto=compress&cs=tinysrgb&h=350,Donkey
97,584177,https://images.pexels.com/photos/584177/pexels-photo-584177.jpeg?auto=compress&cs=tinysrgb&h=350,Donkey
98,748710,https://images.pexels.com/photos/748710/pexels-photo-748710.jpeg?auto=compress&cs=tinysrgb&h=350,Donkey
99,768078,https://images.pexels.com/photos/768078/pexels-photo-768078.jpeg?auto=compress&cs=tinysrgb&h=350,Donkey
100,598752,https://images.pexels.com/photos/598752/pexels-photo-598752.jpeg?auto=compress&cs=tinysrgb&h=350,Donkey
101,2409958,https://images.pexels.com/photos/2409958/pexels-photo-2409958.jpeg?auto=compress&cs=tinysrgb&h=350,Donkey
102,2832035,https://images.pexels.com/photos/2832035/pexels-photo-2832035.jpeg?auto=compress&cs=tinysrgb&h=350,Donkey
103,598757,https://images.pexels.com/photos/598757/pexels-photo-598757.jpeg?auto=compress&cs=tinysrgb&h=350,Donkey
104,598755,https://images.pexels.com/photos/598755/pexels-photo-598755.jpeg?auto=compress&cs=tinysrgb&h=350,Donkey
105,3196928,https://images.pexels.com/photos/3196928/pexels-photo-3196928.jpeg?auto=compress&cs=tinysrgb&h=350,Donkey
106,2849308,https://images.pexels.com/photos/2849308/pexels-photo-2849308.jpeg?auto=compress&cs=tinysrgb&h=350,Donkey
107,998701,https://images.pexels.com/photos/998701/pexels-photo-998701.jpeg?auto=compress&cs=tinysrgb&h=350,Donkey
108,3769983,https://images.pexels.com/photos/3769983/pexels-photo-3769983.jpeg?auto=compress&cs=tinysrgb&h=350,Donkey
109,3082076,https://images.pexels.com/photos/3082076/pexels-photo-3082076.jpeg?auto=compress&cs=tinysrgb&h=350,Donkey
110,9542101,https://images.pexels.com/photos/9542101/pexels-photo-9542101.jpeg?auto=compress&cs=tinysrgb&h=350,Donkey
111,1329314,https://images.pexels.com/photos/1329314/pexels-photo-1329314.jpeg?auto=compress&cs=tinysrgb&h=350,Donkey
112,1207875,https://images.pexels.com/photos/1207875/pexels-photo-1207875.jpeg?auto=compress&cs=tinysrgb&h=350,Monkey
113,1670413,https://images.pexels.com/photos/1670413/pexels-photo-1670413.jpeg?auto=compress&cs=tinysrgb&h=350,Monkey
115,1188998,https://images.pexels.com/photos/1188998/pexels-photo-1188998.jpeg?auto=compress&cs=tinysrgb&h=350,Monkey
116,38280,https://images.pexels.com/photos/38280/monkey-mandril-africa-baboon-38280.jpeg?auto=compress&cs=tinysrgb&h=350,Monkey
117,1000529,https://images.pexels.com/photos/1000529/pexels-photo-1000529.jpeg?auto=compress&cs=tinysrgb&h=350,Monkey
118,322470,https://images.pexels.com/photos/322470/pexels-photo-322470.jpeg?auto=compress&cs=tinysrgb&h=350,Monkey
119,1822603,https://images.pexels.com/photos/1822603/pexels-photo-1822603.jpeg?auto=compress&cs=tinysrgb&h=350,Monkey
120,47074,https://images.pexels.com/photos/47074/squirrel-monkey-monkey-climb-feeding-47074.jpeg?auto=compress&cs=tinysrgb&h=350,Monkey
121,3342627,https://images.pexels.com/photos/3342627/pexels-photo-3342627.jpeg?auto=compress&cs=tinysrgb&h=350,Monkey
122,234054,https://images.pexels.com/photos/234054/pexels-photo-234054.jpeg?auto=compress&cs=tinysrgb&h=350,Monkey
123,1123771,https://images.pexels.com/photos/1123771/pexels-photo-1123771.jpeg?auto=compress&cs=tinysrgb&h=350,Monkey
124,2499898,https://images.pexels.com/photos/2499898/pexels-photo-2499898.jpeg?auto=compress&cs=tinysrgb&h=350,Monkey
125,908070,https://images.pexels.com/photos/908070/pexels-photo-908070.jpeg?auto=compress&cs=tinysrgb&h=350,Monkey
126,2843434,https://images.pexels.com/photos/2843434/pexels-photo-2843434.jpeg?auto=compress&cs=tinysrgb&h=350,Monkey
127,745086,https://images.pexels.com/photos/745086/pexels-photo-745086.jpeg?auto=compress&cs=tinysrgb&h=350,Monkey
128,321556,https://images.pexels.com/photos/321556/pexels-photo-321556.jpeg?auto=compress&cs=tinysrgb&h=350,Monkey
129,819367,https://images.pexels.com/photos/819367/pexels-photo-819367.jpeg?auto=compress&cs=tinysrgb&h=350,Monkey
130,1636016,https://images.pexels.com/photos/1636016/pexels-photo-1636016.jpeg?auto=compress&cs=tinysrgb&h=350,Monkey
131,189342,https://images.pexels.com/photos/189342/pexels-photo-189342.jpeg?auto=compress&cs=tinysrgb&h=350,Monkey
132,221133,https://images.pexels.com/photos/221133/pexels-photo-221133.jpeg?auto=compress&cs=tinysrgb&h=350,Monkey
133,767197,https://images.pexels.com/photos/767197/pexels-photo-767197.jpeg?auto=compress&cs=tinysrgb&h=350,Monkey
134,3866555,https://images.pexels.com/photos/3866555/pexels-photo-3866555.png?auto=compress&cs=tinysrgb&h=350,Human
135,774909,https://images.pexels.com/photos/774909/pexels-photo-774909.jpeg?auto=compress&cs=tinysrgb&h=350,Human
136,614810,https://images.pexels.com/photos/614810/pexels-photo-614810.jpeg?auto=compress&cs=tinysrgb&h=350,Human
137,428364,https://images.pexels.com/photos/428364/pexels-photo-428364.jpeg?auto=compress&cs=tinysrgb&h=350,Human
138,1933873,https://images.pexels.com/photos/1933873/pexels-photo-1933873.jpeg?auto=compress&cs=tinysrgb&h=350,Human
139,1239291,https://images.pexels.com/photos/1239291/pexels-photo-1239291.jpeg?auto=compress&cs=tinysrgb&h=350,Human
140,35537,https://images.pexels.com/photos/35537/child-children-girl-happy.jpg?auto=compress&cs=tinysrgb&h=350,Human
